user_id,description_profil_utilisateur_anglais
user_0,Profile description for user 0
user_1,Profile description for user 1
user_2,Profile description for user 2
user_3,Profile description for user 3
user_4,Profile description for user 4
user_5,Profile description for user 5
user_6,Profile description for user 6
user_7,Profile description for user 7
user_8,Profile description for user 8
user_9,Profile description for user 9
user_10,Profile description for user 10
user_11,Profile description for user 11
user_12,Profile description for user 12
user_13,Profile description for user 13
user_14,Profile description for user 14
user_15,Profile description for user 15
user_16,Profile description for user 16
user_17,Profile description for user 17
user_18,Profile description for user 18
user_19,Profile description for user 19
user_20,Profile description for user 20
user_21,Profile description for user 21
user_22,Profile description for user 22
user_23,Profile description for user 23
user_24,Profile description for user 24
user_25,Profile description for user 25
user_26,Profile description for user 26
user_27,Profile description for user 27
user_28,Profile description for user 28
user_29,Profile description for user 29
user_30,Profile description for user 30
user_31,Profile description for user 31
user_32,Profile description for user 32
user_33,Profile description for user 33
user_34,Profile description for user 34
user_35,Profile description for user 35
user_36,Profile description for user 36
user_37,Profile description for user 37
user_38,Profile description for user 38
user_39,Profile description for user 39
user_40,Profile description for user 40
user_41,Profile description for user 41
user_42,Profile description for user 42
user_43,Profile description for user 43
user_44,Profile description for user 44
user_45,Profile description for user 45
user_46,Profile description for user 46
user_47,Profile description for user 47
user_48,Profile description for user 48
user_49,Profile description for user 49
user_50,Profile description for user 50
user_51,Profile description for user 51
user_52,Profile description for user 52
user_53,Profile description for user 53
user_54,Profile description for user 54
user_55,Profile description for user 55
user_56,Profile description for user 56
user_57,Profile description for user 57
user_58,Profile description for user 58
user_59,Profile description for user 59
user_60,Profile description for user 60
user_61,Profile description for user 61
user_62,Profile description for user 62
user_63,Profile description for user 63
user_64,Profile description for user 64
user_65,Profile description for user 65
user_66,Profile description for user 66
user_67,Profile description for user 67
user_68,Profile description for user 68
user_69,Profile description for user 69
user_70,Profile description for user 70
user_71,Profile description for user 71
user_72,Profile description for user 72
user_73,Profile description for user 73
user_74,Profile description for user 74
user_75,Profile description for user 75
user_76,Profile description for user 76
user_77,Profile description for user 77
user_78,Profile description for user 78
user_79,Profile description for user 79
user_80,Profile description for user 80
user_81,Profile description for user 81
user_82,Profile description for user 82
user_83,Profile description for user 83
user_84,Profile description for user 84
user_85,Profile description for user 85
user_86,Profile description for user 86
user_87,Profile description for user 87
user_88,Profile description for user 88
user_89,Profile description for user 89
user_90,Profile description for user 90
user_91,Profile description for user 91
user_92,Profile description for user 92
user_93,Profile description for user 93
user_94,Profile description for user 94
user_95,Profile description for user 95
user_96,Profile description for user 96
user_97,Profile description for user 97
user_98,Profile description for user 98
user_99,Profile description for user 99
user_100,Profile description for user 100
user_101,Profile description for user 101
user_102,Profile description for user 102
user_103,Profile description for user 103
user_104,Profile description for user 104
user_105,Profile description for user 105
user_106,Profile description for user 106
user_107,Profile description for user 107
user_108,Profile description for user 108
user_109,Profile description for user 109
user_110,Profile description for user 110
user_111,Profile description for user 111
user_112,Profile description for user 112
user_113,Profile description for user 113
user_114,Profile description for user 114
user_115,Profile description for user 115
user_116,Profile description for user 116
user_117,Profile description for user 117
user_118,Profile description for user 118
user_119,Profile description for user 119
user_120,Profile description for user 120
user_121,Profile description for user 121
user_122,Profile description for user 122
user_123,Profile description for user 123
user_124,Profile description for user 124
user_125,Profile description for user 125
user_126,Profile description for user 126
user_127,Profile description for user 127
user_128,Profile description for user 128
user_129,Profile description for user 129
user_130,Profile description for user 130
user_131,Profile description for user 131
user_132,Profile description for user 132
user_133,Profile description for user 133
user_134,Profile description for user 134
user_135,Profile description for user 135
user_136,Profile description for user 136
user_137,Profile description for user 137
user_138,Profile description for user 138
user_139,Profile description for user 139
user_140,Profile description for user 140
user_141,Profile description for user 141
user_142,Profile description for user 142
user_143,Profile description for user 143
user_144,Profile description for user 144
user_145,Profile description for user 145
user_146,Profile description for user 146
user_147,Profile description for user 147
user_148,Profile description for user 148
user_149,Profile description for user 149
user_150,Profile description for user 150
user_151,Profile description for user 151
user_152,Profile description for user 152
user_153,Profile description for user 153
user_154,Profile description for user 154
user_155,Profile description for user 155
user_156,Profile description for user 156
user_157,Profile description for user 157
user_158,Profile description for user 158
user_159,Profile description for user 159
user_160,Profile description for user 160
user_161,Profile description for user 161
user_162,Profile description for user 162
user_163,Profile description for user 163
user_164,Profile description for user 164
user_165,Profile description for user 165
user_166,Profile description for user 166
user_167,Profile description for user 167
user_168,Profile description for user 168
user_169,Profile description for user 169
user_170,Profile description for user 170
user_171,Profile description for user 171
user_172,Profile description for user 172
user_173,Profile description for user 173
user_174,Profile description for user 174
user_175,Profile description for user 175
user_176,Profile description for user 176
user_177,Profile description for user 177
user_178,Profile description for user 178
user_179,Profile description for user 179
user_180,Profile description for user 180
user_181,Profile description for user 181
user_182,Profile description for user 182
user_183,Profile description for user 183
user_184,Profile description for user 184
user_185,Profile description for user 185
user_186,Profile description for user 186
user_187,Profile description for user 187
user_188,Profile description for user 188
user_189,Profile description for user 189
user_190,Profile description for user 190
user_191,Profile description for user 191
user_192,Profile description for user 192
user_193,Profile description for user 193
user_194,Profile description for user 194
user_195,Profile description for user 195
user_196,Profile description for user 196
user_197,Profile description for user 197
user_198,Profile description for user 198
user_199,Profile description for user 199
user_200,Profile description for user 200
user_201,Profile description for user 201
user_202,Profile description for user 202
user_203,Profile description for user 203
user_204,Profile description for user 204
user_205,Profile description for user 205
user_206,Profile description for user 206
user_207,Profile description for user 207
user_208,Profile description for user 208
user_209,Profile description for user 209
user_210,Profile description for user 210
user_211,Profile description for user 211
user_212,Profile description for user 212
user_213,Profile description for user 213
user_214,Profile description for user 214
user_215,Profile description for user 215
user_216,Profile description for user 216
user_217,Profile description for user 217
user_218,Profile description for user 218
user_219,Profile description for user 219
user_220,Profile description for user 220
user_221,Profile description for user 221
user_222,Profile description for user 222
user_223,Profile description for user 223
user_224,Profile description for user 224
user_225,Profile description for user 225
user_226,Profile description for user 226
user_227,Profile description for user 227
user_228,Profile description for user 228
user_229,Profile description for user 229
user_230,Profile description for user 230
user_231,Profile description for user 231
user_232,Profile description for user 232
user_233,Profile description for user 233
user_234,Profile description for user 234
user_235,Profile description for user 235
user_236,Profile description for user 236
user_237,Profile description for user 237
user_238,Profile description for user 238
user_239,Profile description for user 239
user_240,Profile description for user 240
user_241,Profile description for user 241
user_242,Profile description for user 242
user_243,Profile description for user 243
user_244,Profile description for user 244
user_245,Profile description for user 245
user_246,Profile description for user 246
user_247,Profile description for user 247
user_248,Profile description for user 248
user_249,Profile description for user 249
user_250,Profile description for user 250
user_251,Profile description for user 251
user_252,Profile description for user 252
user_253,Profile description for user 253
user_254,Profile description for user 254
user_255,Profile description for user 255
user_256,Profile description for user 256
user_257,Profile description for user 257
user_258,Profile description for user 258
user_259,Profile description for user 259
user_260,Profile description for user 260
user_261,Profile description for user 261
user_262,Profile description for user 262
user_263,Profile description for user 263
user_264,Profile description for user 264
user_265,Profile description for user 265
user_266,Profile description for user 266
user_267,Profile description for user 267
user_268,Profile description for user 268
user_269,Profile description for user 269
user_270,Profile description for user 270
user_271,Profile description for user 271
user_272,Profile description for user 272
user_273,Profile description for user 273
user_274,Profile description for user 274
user_275,Profile description for user 275
user_276,Profile description for user 276
user_277,Profile description for user 277
user_278,Profile description for user 278
user_279,Profile description for user 279
user_280,Profile description for user 280
user_281,Profile description for user 281
user_282,Profile description for user 282
user_283,Profile description for user 283
user_284,Profile description for user 284
user_285,Profile description for user 285
user_286,Profile description for user 286
user_287,Profile description for user 287
user_288,Profile description for user 288
user_289,Profile description for user 289
user_290,Profile description for user 290
user_291,Profile description for user 291
user_292,Profile description for user 292
user_293,Profile description for user 293
user_294,Profile description for user 294
user_295,Profile description for user 295
user_296,Profile description for user 296
user_297,Profile description for user 297
user_298,Profile description for user 298
user_299,Profile description for user 299
user_300,Profile description for user 300
user_301,Profile description for user 301
user_302,Profile description for user 302
user_303,Profile description for user 303
user_304,Profile description for user 304
user_305,Profile description for user 305
user_306,Profile description for user 306
user_307,Profile description for user 307
user_308,Profile description for user 308
user_309,Profile description for user 309
user_310,Profile description for user 310
user_311,Profile description for user 311
user_312,Profile description for user 312
user_313,Profile description for user 313
user_314,Profile description for user 314
user_315,Profile description for user 315
user_316,Profile description for user 316
user_317,Profile description for user 317
user_318,Profile description for user 318
user_319,Profile description for user 319
user_320,Profile description for user 320
user_321,Profile description for user 321
user_322,Profile description for user 322
user_323,Profile description for user 323
user_324,Profile description for user 324
user_325,Profile description for user 325
user_326,Profile description for user 326
user_327,Profile description for user 327
user_328,Profile description for user 328
user_329,Profile description for user 329
user_330,Profile description for user 330
user_331,Profile description for user 331
user_332,Profile description for user 332
user_333,Profile description for user 333
user_334,Profile description for user 334
user_335,Profile description for user 335
user_336,Profile description for user 336
user_337,Profile description for user 337
user_338,Profile description for user 338
user_339,Profile description for user 339
user_340,Profile description for user 340
user_341,Profile description for user 341
user_342,Profile description for user 342
user_343,Profile description for user 343
user_344,Profile description for user 344
user_345,Profile description for user 345
user_346,Profile description for user 346
user_347,Profile description for user 347
user_348,Profile description for user 348
user_349,Profile description for user 349
user_350,Profile description for user 350
user_351,Profile description for user 351
user_352,Profile description for user 352
user_353,Profile description for user 353
user_354,Profile description for user 354
user_355,Profile description for user 355
user_356,Profile description for user 356
user_357,Profile description for user 357
user_358,Profile description for user 358
user_359,Profile description for user 359
user_360,Profile description for user 360
user_361,Profile description for user 361
user_362,Profile description for user 362
user_363,Profile description for user 363
user_364,Profile description for user 364
user_365,Profile description for user 365
user_366,Profile description for user 366
user_367,Profile description for user 367
user_368,Profile description for user 368
user_369,Profile description for user 369
user_370,Profile description for user 370
user_371,Profile description for user 371
user_372,Profile description for user 372
user_373,Profile description for user 373
user_374,Profile description for user 374
user_375,Profile description for user 375
user_376,Profile description for user 376
user_377,Profile description for user 377
user_378,Profile description for user 378
user_379,Profile description for user 379
user_380,Profile description for user 380
user_381,Profile description for user 381
user_382,Profile description for user 382
user_383,Profile description for user 383
user_384,Profile description for user 384
user_385,Profile description for user 385
user_386,Profile description for user 386
user_387,Profile description for user 387
user_388,Profile description for user 388
user_389,Profile description for user 389
user_390,Profile description for user 390
user_391,Profile description for user 391
user_392,Profile description for user 392
user_393,Profile description for user 393
user_394,Profile description for user 394
user_395,Profile description for user 395
user_396,Profile description for user 396
user_397,Profile description for user 397
user_398,Profile description for user 398
user_399,Profile description for user 399
user_400,Profile description for user 400
user_401,Profile description for user 401
user_402,Profile description for user 402
user_403,Profile description for user 403
user_404,Profile description for user 404
user_405,Profile description for user 405
user_406,Profile description for user 406
user_407,Profile description for user 407
user_408,Profile description for user 408
user_409,Profile description for user 409
user_410,Profile description for user 410
user_411,Profile description for user 411
user_412,Profile description for user 412
user_413,Profile description for user 413
user_414,Profile description for user 414
user_415,Profile description for user 415
user_416,Profile description for user 416
user_417,Profile description for user 417
user_418,Profile description for user 418
user_419,Profile description for user 419
user_420,Profile description for user 420
user_421,Profile description for user 421
user_422,Profile description for user 422
user_423,Profile description for user 423
user_424,Profile description for user 424
user_425,Profile description for user 425
user_426,Profile description for user 426
user_427,Profile description for user 427
user_428,Profile description for user 428
user_429,Profile description for user 429
user_430,Profile description for user 430
user_431,Profile description for user 431
user_432,Profile description for user 432
user_433,Profile description for user 433
user_434,Profile description for user 434
user_435,Profile description for user 435
user_436,Profile description for user 436
user_437,Profile description for user 437
user_438,Profile description for user 438
user_439,Profile description for user 439
user_440,Profile description for user 440
user_441,Profile description for user 441
user_442,Profile description for user 442
user_443,Profile description for user 443
user_444,Profile description for user 444
user_445,Profile description for user 445
user_446,Profile description for user 446
user_447,Profile description for user 447
user_448,Profile description for user 448
user_449,Profile description for user 449
user_450,Profile description for user 450
user_451,Profile description for user 451
user_452,Profile description for user 452
user_453,Profile description for user 453
user_454,Profile description for user 454
user_455,Profile description for user 455
user_456,Profile description for user 456
user_457,Profile description for user 457
user_458,Profile description for user 458
user_459,Profile description for user 459
user_460,Profile description for user 460
user_461,Profile description for user 461
user_462,Profile description for user 462
user_463,Profile description for user 463
user_464,Profile description for user 464
user_465,Profile description for user 465
user_466,Profile description for user 466
user_467,Profile description for user 467
user_468,Profile description for user 468
user_469,Profile description for user 469
user_470,Profile description for user 470
user_471,Profile description for user 471
user_472,Profile description for user 472
user_473,Profile description for user 473
user_474,Profile description for user 474
user_475,Profile description for user 475
user_476,Profile description for user 476
user_477,Profile description for user 477
user_478,Profile description for user 478
user_479,Profile description for user 479
user_480,Profile description for user 480
user_481,Profile description for user 481
user_482,Profile description for user 482
user_483,Profile description for user 483
user_484,Profile description for user 484
user_485,Profile description for user 485
user_486,Profile description for user 486
user_487,Profile description for user 487
user_488,Profile description for user 488
user_489,Profile description for user 489
user_490,Profile description for user 490
user_491,Profile description for user 491
user_492,Profile description for user 492
user_493,Profile description for user 493
user_494,Profile description for user 494
user_495,Profile description for user 495
user_496,Profile description for user 496
user_497,Profile description for user 497
user_498,Profile description for user 498
user_499,Profile description for user 499
user_500,Profile description for user 500
user_501,Profile description for user 501
user_502,Profile description for user 502
user_503,Profile description for user 503
user_504,Profile description for user 504
user_505,Profile description for user 505
user_506,Profile description for user 506
user_507,Profile description for user 507
user_508,Profile description for user 508
user_509,Profile description for user 509
user_510,Profile description for user 510
user_511,Profile description for user 511
user_512,Profile description for user 512
user_513,Profile description for user 513
user_514,Profile description for user 514
user_515,Profile description for user 515
user_516,Profile description for user 516
user_517,Profile description for user 517
user_518,Profile description for user 518
user_519,Profile description for user 519
user_520,Profile description for user 520
user_521,Profile description for user 521
user_522,Profile description for user 522
user_523,Profile description for user 523
user_524,Profile description for user 524
user_525,Profile description for user 525
user_526,Profile description for user 526
user_527,Profile description for user 527
user_528,Profile description for user 528
user_529,Profile description for user 529
user_530,Profile description for user 530
user_531,Profile description for user 531
user_532,Profile description for user 532
user_533,Profile description for user 533
user_534,Profile description for user 534
user_535,Profile description for user 535
user_536,Profile description for user 536
user_537,Profile description for user 537
user_538,Profile description for user 538
user_539,Profile description for user 539
user_540,Profile description for user 540
user_541,Profile description for user 541
user_542,Profile description for user 542
user_543,Profile description for user 543
user_544,Profile description for user 544
user_545,Profile description for user 545
user_546,Profile description for user 546
user_547,Profile description for user 547
user_548,Profile description for user 548
user_549,Profile description for user 549
user_550,Profile description for user 550
user_551,Profile description for user 551
user_552,Profile description for user 552
user_553,Profile description for user 553
user_554,Profile description for user 554
user_555,Profile description for user 555
user_556,Profile description for user 556
user_557,Profile description for user 557
user_558,Profile description for user 558
user_559,Profile description for user 559
user_560,Profile description for user 560
user_561,Profile description for user 561
user_562,Profile description for user 562
user_563,Profile description for user 563
user_564,Profile description for user 564
user_565,Profile description for user 565
user_566,Profile description for user 566
user_567,Profile description for user 567
user_568,Profile description for user 568
user_569,Profile description for user 569
user_570,Profile description for user 570
user_571,Profile description for user 571
user_572,Profile description for user 572
user_573,Profile description for user 573
user_574,Profile description for user 574
user_575,Profile description for user 575
user_576,Profile description for user 576
user_577,Profile description for user 577
user_578,Profile description for user 578
user_579,Profile description for user 579
user_580,Profile description for user 580
user_581,Profile description for user 581
user_582,Profile description for user 582
user_583,Profile description for user 583
user_584,Profile description for user 584
user_585,Profile description for user 585
user_586,Profile description for user 586
user_587,Profile description for user 587
user_588,Profile description for user 588
user_589,Profile description for user 589
user_590,Profile description for user 590
user_591,Profile description for user 591
user_592,Profile description for user 592
user_593,Profile description for user 593
user_594,Profile description for user 594
user_595,Profile description for user 595
user_596,Profile description for user 596
user_597,Profile description for user 597
user_598,Profile description for user 598
user_599,Profile description for user 599
user_600,Profile description for user 600
user_601,Profile description for user 601
user_602,Profile description for user 602
user_603,Profile description for user 603
user_604,Profile description for user 604
user_605,Profile description for user 605
user_606,Profile description for user 606
user_607,Profile description for user 607
user_608,Profile description for user 608
user_609,Profile description for user 609
user_610,Profile description for user 610
user_611,Profile description for user 611
user_612,Profile description for user 612
user_613,Profile description for user 613
user_614,Profile description for user 614
user_615,Profile description for user 615
user_616,Profile description for user 616
user_617,Profile description for user 617
user_618,Profile description for user 618
user_619,Profile description for user 619
user_620,Profile description for user 620
user_621,Profile description for user 621
user_622,Profile description for user 622
user_623,Profile description for user 623
user_624,Profile description for user 624
user_625,Profile description for user 625
user_626,Profile description for user 626
user_627,Profile description for user 627
user_628,Profile description for user 628
user_629,Profile description for user 629
user_630,Profile description for user 630
user_631,Profile description for user 631
user_632,Profile description for user 632
user_633,Profile description for user 633
user_634,Profile description for user 634
user_635,Profile description for user 635
user_636,Profile description for user 636
user_637,Profile description for user 637
user_638,Profile description for user 638
user_639,Profile description for user 639
user_640,Profile description for user 640
user_641,Profile description for user 641
user_642,Profile description for user 642
user_643,Profile description for user 643
user_644,Profile description for user 644
user_645,Profile description for user 645
user_646,Profile description for user 646
user_647,Profile description for user 647
user_648,Profile description for user 648
user_649,Profile description for user 649
user_650,Profile description for user 650
user_651,Profile description for user 651
user_652,Profile description for user 652
user_653,Profile description for user 653
user_654,Profile description for user 654
user_655,Profile description for user 655
user_656,Profile description for user 656
user_657,Profile description for user 657
user_658,Profile description for user 658
user_659,Profile description for user 659
user_660,Profile description for user 660
user_661,Profile description for user 661
user_662,Profile description for user 662
user_663,Profile description for user 663
user_664,Profile description for user 664
user_665,Profile description for user 665
user_666,Profile description for user 666
user_667,Profile description for user 667
user_668,Profile description for user 668
user_669,Profile description for user 669
user_670,Profile description for user 670
user_671,Profile description for user 671
user_672,Profile description for user 672
user_673,Profile description for user 673
user_674,Profile description for user 674
user_675,Profile description for user 675
user_676,Profile description for user 676
user_677,Profile description for user 677
user_678,Profile description for user 678
user_679,Profile description for user 679
user_680,Profile description for user 680
user_681,Profile description for user 681
user_682,Profile description for user 682
user_683,Profile description for user 683
user_684,Profile description for user 684
user_685,Profile description for user 685
user_686,Profile description for user 686
user_687,Profile description for user 687
user_688,Profile description for user 688
user_689,Profile description for user 689
user_690,Profile description for user 690
user_691,Profile description for user 691
user_692,Profile description for user 692
user_693,Profile description for user 693
user_694,Profile description for user 694
user_695,Profile description for user 695
user_696,Profile description for user 696
user_697,Profile description for user 697
user_698,Profile description for user 698
user_699,Profile description for user 699
user_700,Profile description for user 700
user_701,Profile description for user 701
user_702,Profile description for user 702
user_703,Profile description for user 703
user_704,Profile description for user 704
user_705,Profile description for user 705
user_706,Profile description for user 706
user_707,Profile description for user 707
user_708,Profile description for user 708
user_709,Profile description for user 709
user_710,Profile description for user 710
user_711,Profile description for user 711
user_712,Profile description for user 712
user_713,Profile description for user 713
user_714,Profile description for user 714
user_715,Profile description for user 715
user_716,Profile description for user 716
user_717,Profile description for user 717
user_718,Profile description for user 718
user_719,Profile description for user 719
user_720,Profile description for user 720
user_721,Profile description for user 721
user_722,Profile description for user 722
user_723,Profile description for user 723
user_724,Profile description for user 724
user_725,Profile description for user 725
user_726,Profile description for user 726
user_727,Profile description for user 727
user_728,Profile description for user 728
user_729,Profile description for user 729
user_730,Profile description for user 730
user_731,Profile description for user 731
user_732,Profile description for user 732
user_733,Profile description for user 733
user_734,Profile description for user 734
user_735,Profile description for user 735
user_736,Profile description for user 736
user_737,Profile description for user 737
user_738,Profile description for user 738
user_739,Profile description for user 739
user_740,Profile description for user 740
user_741,Profile description for user 741
user_742,Profile description for user 742
user_743,Profile description for user 743
user_744,Profile description for user 744
user_745,Profile description for user 745
user_746,Profile description for user 746
user_747,Profile description for user 747
user_748,Profile description for user 748
user_749,Profile description for user 749
user_750,Profile description for user 750
user_751,Profile description for user 751
user_752,Profile description for user 752
user_753,Profile description for user 753
user_754,Profile description for user 754
user_755,Profile description for user 755
user_756,Profile description for user 756
user_757,Profile description for user 757
user_758,Profile description for user 758
user_759,Profile description for user 759
user_760,Profile description for user 760
user_761,Profile description for user 761
user_762,Profile description for user 762
user_763,Profile description for user 763
user_764,Profile description for user 764
user_765,Profile description for user 765
user_766,Profile description for user 766
user_767,Profile description for user 767
user_768,Profile description for user 768
user_769,Profile description for user 769
user_770,Profile description for user 770
user_771,Profile description for user 771
user_772,Profile description for user 772
user_773,Profile description for user 773
user_774,Profile description for user 774
user_775,Profile description for user 775
user_776,Profile description for user 776
user_777,Profile description for user 777
user_778,Profile description for user 778
user_779,Profile description for user 779
user_780,Profile description for user 780
user_781,Profile description for user 781
user_782,Profile description for user 782
user_783,Profile description for user 783
user_784,Profile description for user 784
user_785,Profile description for user 785
user_786,Profile description for user 786
user_787,Profile description for user 787
user_788,Profile description for user 788
user_789,Profile description for user 789
user_790,Profile description for user 790
user_791,Profile description for user 791
user_792,Profile description for user 792
user_793,Profile description for user 793
user_794,Profile description for user 794
user_795,Profile description for user 795
user_796,Profile description for user 796
user_797,Profile description for user 797
user_798,Profile description for user 798
user_799,Profile description for user 799
user_800,Profile description for user 800
user_801,Profile description for user 801
user_802,Profile description for user 802
user_803,Profile description for user 803
user_804,Profile description for user 804
user_805,Profile description for user 805
user_806,Profile description for user 806
user_807,Profile description for user 807
user_808,Profile description for user 808
user_809,Profile description for user 809
user_810,Profile description for user 810
user_811,Profile description for user 811
user_812,Profile description for user 812
user_813,Profile description for user 813
user_814,Profile description for user 814
user_815,Profile description for user 815
user_816,Profile description for user 816
user_817,Profile description for user 817
user_818,Profile description for user 818
user_819,Profile description for user 819
user_820,Profile description for user 820
user_821,Profile description for user 821
user_822,Profile description for user 822
user_823,Profile description for user 823
user_824,Profile description for user 824
user_825,Profile description for user 825
user_826,Profile description for user 826
user_827,Profile description for user 827
user_828,Profile description for user 828
user_829,Profile description for user 829
user_830,Profile description for user 830
user_831,Profile description for user 831
user_832,Profile description for user 832
user_833,Profile description for user 833
user_834,Profile description for user 834
user_835,Profile description for user 835
user_836,Profile description for user 836
user_837,Profile description for user 837
user_838,Profile description for user 838
user_839,Profile description for user 839
user_840,Profile description for user 840
user_841,Profile description for user 841
user_842,Profile description for user 842
user_843,Profile description for user 843
user_844,Profile description for user 844
user_845,Profile description for user 845
user_846,Profile description for user 846
user_847,Profile description for user 847
user_848,Profile description for user 848
user_849,Profile description for user 849
user_850,Profile description for user 850
user_851,Profile description for user 851
user_852,Profile description for user 852
user_853,Profile description for user 853
user_854,Profile description for user 854
user_855,Profile description for user 855
user_856,Profile description for user 856
user_857,Profile description for user 857
user_858,Profile description for user 858
user_859,Profile description for user 859
user_860,Profile description for user 860
user_861,Profile description for user 861
user_862,Profile description for user 862
user_863,Profile description for user 863
user_864,Profile description for user 864
user_865,Profile description for user 865
user_866,Profile description for user 866
user_867,Profile description for user 867
user_868,Profile description for user 868
user_869,Profile description for user 869
user_870,Profile description for user 870
user_871,Profile description for user 871
user_872,Profile description for user 872
user_873,Profile description for user 873
user_874,Profile description for user 874
user_875,Profile description for user 875
user_876,Profile description for user 876
user_877,Profile description for user 877
user_878,Profile description for user 878
user_879,Profile description for user 879
user_880,Profile description for user 880
user_881,Profile description for user 881
user_882,Profile description for user 882
user_883,Profile description for user 883
user_884,Profile description for user 884
user_885,Profile description for user 885
user_886,Profile description for user 886
user_887,Profile description for user 887
user_888,Profile description for user 888
user_889,Profile description for user 889
user_890,Profile description for user 890
user_891,Profile description for user 891
user_892,Profile description for user 892
user_893,Profile description for user 893
user_894,Profile description for user 894
user_895,Profile description for user 895
user_896,Profile description for user 896
user_897,Profile description for user 897
user_898,Profile description for user 898
user_899,Profile description for user 899
user_900,Profile description for user 900
user_901,Profile description for user 901
user_902,Profile description for user 902
user_903,Profile description for user 903
user_904,Profile description for user 904
user_905,Profile description for user 905
user_906,Profile description for user 906
user_907,Profile description for user 907
user_908,Profile description for user 908
user_909,Profile description for user 909
user_910,Profile description for user 910
user_911,Profile description for user 911
user_912,Profile description for user 912
user_913,Profile description for user 913
user_914,Profile description for user 914
user_915,Profile description for user 915
user_916,Profile description for user 916
user_917,Profile description for user 917
user_918,Profile description for user 918
user_919,Profile description for user 919
user_920,Profile description for user 920
user_921,Profile description for user 921
user_922,Profile description for user 922
user_923,Profile description for user 923
user_924,Profile description for user 924
user_925,Profile description for user 925
user_926,Profile description for user 926
user_927,Profile description for user 927
user_928,Profile description for user 928
user_929,Profile description for user 929
user_930,Profile description for user 930
user_931,Profile description for user 931
user_932,Profile description for user 932
user_933,Profile description for user 933
user_934,Profile description for user 934
user_935,Profile description for user 935
user_936,Profile description for user 936
user_937,Profile description for user 937
user_938,Profile description for user 938
user_939,Profile description for user 939
user_940,Profile description for user 940
user_941,Profile description for user 941
user_942,Profile description for user 942
user_943,Profile description for user 943
user_944,Profile description for user 944
user_945,Profile description for user 945
user_946,Profile description for user 946
user_947,Profile description for user 947
user_948,Profile description for user 948
user_949,Profile description for user 949
user_950,Profile description for user 950
user_951,Profile description for user 951
user_952,Profile description for user 952
user_953,Profile description for user 953
user_954,Profile description for user 954
user_955,Profile description for user 955
user_956,Profile description for user 956
user_957,Profile description for user 957
user_958,Profile description for user 958
user_959,Profile description for user 959
user_960,Profile description for user 960
user_961,Profile description for user 961
user_962,Profile description for user 962
user_963,Profile description for user 963
user_964,Profile description for user 964
user_965,Profile description for user 965
user_966,Profile description for user 966
user_967,Profile description for user 967
user_968,Profile description for user 968
user_969,Profile description for user 969
user_970,Profile description for user 970
user_971,Profile description for user 971
user_972,Profile description for user 972
user_973,Profile description for user 973
user_974,Profile description for user 974
user_975,Profile description for user 975
user_976,Profile description for user 976
user_977,Profile description for user 977
user_978,Profile description for user 978
user_979,Profile description for user 979
user_980,Profile description for user 980
user_981,Profile description for user 981
user_982,Profile description for user 982
user_983,Profile description for user 983
user_984,Profile description for user 984
user_985,Profile description for user 985
user_986,Profile description for user 986
user_987,Profile description for user 987
user_988,Profile description for user 988
user_989,Profile description for user 989
user_990,Profile description for user 990
user_991,Profile description for user 991
user_992,Profile description for user 992
user_993,Profile description for user 993
user_994,Profile description for user 994
user_995,Profile description for user 995
user_996,Profile description for user 996
user_997,Profile description for user 997
user_998,Profile description for user 998
user_999,Profile description for user 999
